package name,class name,method name,method signature
javacardx.framework.nio,ByteBuffer,wrap,(byte[];int;int)
javacardx.framework.nio,ByteBuffer,wrap,(byte[])
javacardx.framework.nio,ByteBuffer,isDirect,()
javacardx.framework.nio,ByteBuffer,asReadOnlyBuffer,()
javacardx.framework.nio,ByteBuffer,clear,()
javacardx.framework.nio,ByteBuffer,remaining,()
javacardx.framework.nio,ByteBuffer,flip,()
javacardx.framework.nio,ByteBuffer,limit,()
javacardx.framework.nio,ByteBuffer,limit,(int)
javacardx.framework.nio,ByteBuffer,putShort,(short)
javacardx.framework.nio,ByteBuffer,putShort,(int;short)
javacardx.framework.nio,ByteBuffer,allocateDirect,(int)
javacardx.framework.nio,ByteBuffer,put,(byte[];int;int)
javacardx.framework.nio,ByteBuffer,put,(javacardx.framework.nio.ByteBuffer)
javacardx.framework.nio,ByteBuffer,put,(int;byte)
javacardx.framework.nio,ByteBuffer,put,(byte)
javacardx.framework.nio,ByteBuffer,put,(byte[])
javacardx.framework.nio,ByteBuffer,order,()
javacardx.framework.nio,ByteBuffer,order,(javacardx.framework.nio.ByteOrder)
javacardx.framework.nio,ByteBuffer,capacity,()
javacardx.framework.nio,ByteBuffer,get,()
javacardx.framework.nio,ByteBuffer,get,(int)
javacardx.framework.nio,ByteBuffer,get,(byte[])
javacardx.framework.nio,ByteBuffer,get,(byte[];int;int)
javacardx.framework.nio,ByteBuffer,slice,()
javacardx.framework.nio,ByteBuffer,position,()
javacardx.framework.nio,ByteBuffer,position,(int)
javacardx.framework.nio,ByteBuffer,compact,()
javacardx.framework.nio,ByteBuffer,array,()
javacardx.framework.nio,ByteBuffer,getShort,()
javacardx.framework.nio,ByteBuffer,getShort,(int)
javacardx.framework.nio,ByteBuffer,compareTo,(javacardx.framework.nio.ByteBuffer)
javacardx.framework.nio,ByteBuffer,arrayOffset,()
javacardx.framework.nio,ByteBuffer,rewind,()
javacardx.framework.nio,ByteBuffer,getInt,()
javacardx.framework.nio,ByteBuffer,getInt,(int)
javacardx.framework.nio,ByteBuffer,hasArray,()
javacardx.framework.nio,ByteBuffer,hasRemaining,()
javacardx.framework.nio,ByteBuffer,isReadOnly,()
javacardx.framework.nio,ByteBuffer,putInt,(int)
javacardx.framework.nio,ByteBuffer,putInt,(int;int)
javacardx.framework.nio,Buffer,hasArray,()
javacardx.framework.nio,Buffer,hasRemaining,()
javacardx.framework.nio,Buffer,isDirect,()
javacardx.framework.nio,Buffer,arrayOffset,()
javacardx.framework.nio,Buffer,rewind,()
javacardx.framework.nio,Buffer,isReadOnly,()
javacardx.framework.nio,Buffer,capacity,()
javacardx.framework.nio,Buffer,slice,()
javacardx.framework.nio,Buffer,clear,()
javacardx.framework.nio,Buffer,position,()
javacardx.framework.nio,Buffer,position,(int)
javacardx.framework.nio,Buffer,limit,()
javacardx.framework.nio,Buffer,limit,(int)
javacardx.framework.nio,Buffer,remaining,()
javacardx.framework.nio,Buffer,flip,()
javacardx.framework.nio,Buffer,array,()
javacardx.framework.tlv,BERTLV,getLength,()
javacardx.framework.tlv,BERTLV,getLength,(byte[];short)
javacardx.framework.tlv,BERTLV,init,(byte[];short;short)
javacardx.framework.tlv,BERTLV,getTag,()
javacardx.framework.tlv,BERTLV,getTag,(byte[];short;byte[];short)
javacardx.framework.tlv,BERTLV,toBytes,(byte[];short)
javacardx.framework.tlv,BERTLV,getInstance,(byte[];short;short)
javacardx.framework.tlv,BERTLV,size,()
javacardx.framework.tlv,BERTLV,verifyFormat,(byte[];short;short)
javacardx.framework.tlv,PrimitiveBERTag,tagNumber,()
javacardx.framework.tlv,PrimitiveBERTag,tagNumber,(byte[];short)
javacardx.framework.tlv,PrimitiveBERTag,tagClass,()
javacardx.framework.tlv,PrimitiveBERTag,tagClass,(byte[];short)
javacardx.framework.tlv,PrimitiveBERTag,init,(byte;short)
javacardx.framework.tlv,PrimitiveBERTag,init,(byte[];short)
javacardx.framework.tlv,PrimitiveBERTag,toBytes,(short;boolean;short;byte[];short)
javacardx.framework.tlv,PrimitiveBERTag,toBytes,(byte[];short)
javacardx.framework.tlv,PrimitiveBERTag,getInstance,(byte[];short)
javacardx.framework.tlv,PrimitiveBERTag,size,()
javacardx.framework.tlv,PrimitiveBERTag,size,(byte[];short)
javacardx.framework.tlv,PrimitiveBERTag,verifyFormat,(byte[];short)
javacardx.framework.tlv,PrimitiveBERTag,isConstructed,()
javacardx.framework.tlv,PrimitiveBERTag,isConstructed,(byte[];short)
javacardx.framework.tlv,ConstructedBERTLV,getLength,()
javacardx.framework.tlv,ConstructedBERTLV,getLength,(byte[];short)
javacardx.framework.tlv,ConstructedBERTLV,init,(javacardx.framework.tlv.ConstructedBERTag;javacardx.framework.tlv.BERTLV)
javacardx.framework.tlv,ConstructedBERTLV,init,(byte[];short;short)
javacardx.framework.tlv,ConstructedBERTLV,init,(javacardx.framework.tlv.ConstructedBERTag;byte[];short;short)
javacardx.framework.tlv,ConstructedBERTLV,append,(javacardx.framework.tlv.BERTLV)
javacardx.framework.tlv,ConstructedBERTLV,append,(byte[];short;byte[];short)
javacardx.framework.tlv,ConstructedBERTLV,delete,(javacardx.framework.tlv.BERTLV;short)
javacardx.framework.tlv,ConstructedBERTLV,getTag,()
javacardx.framework.tlv,ConstructedBERTLV,getTag,(byte[];short;byte[];short)
javacardx.framework.tlv,ConstructedBERTLV,getInstance,(byte[];short;short)
javacardx.framework.tlv,ConstructedBERTLV,toBytes,(byte[];short)
javacardx.framework.tlv,ConstructedBERTLV,size,()
javacardx.framework.tlv,ConstructedBERTLV,findNext,(javacardx.framework.tlv.BERTag;javacardx.framework.tlv.BERTLV;short)
javacardx.framework.tlv,ConstructedBERTLV,findNext,(byte[];short;short;byte[];short)
javacardx.framework.tlv,ConstructedBERTLV,find,(javacardx.framework.tlv.BERTag)
javacardx.framework.tlv,ConstructedBERTLV,find,(byte[];short;byte[];short)
javacardx.framework.tlv,ConstructedBERTLV,verifyFormat,(byte[];short;short)
javacardx.framework.tlv,ConstructedBERTag,tagNumber,()
javacardx.framework.tlv,ConstructedBERTag,tagNumber,(byte[];short)
javacardx.framework.tlv,ConstructedBERTag,tagClass,()
javacardx.framework.tlv,ConstructedBERTag,tagClass,(byte[];short)
javacardx.framework.tlv,ConstructedBERTag,init,(byte;short)
javacardx.framework.tlv,ConstructedBERTag,init,(byte[];short)
javacardx.framework.tlv,ConstructedBERTag,toBytes,(short;boolean;short;byte[];short)
javacardx.framework.tlv,ConstructedBERTag,toBytes,(byte[];short)
javacardx.framework.tlv,ConstructedBERTag,getInstance,(byte[];short)
javacardx.framework.tlv,ConstructedBERTag,size,()
javacardx.framework.tlv,ConstructedBERTag,size,(byte[];short)
javacardx.framework.tlv,ConstructedBERTag,verifyFormat,(byte[];short)
javacardx.framework.tlv,ConstructedBERTag,isConstructed,()
javacardx.framework.tlv,ConstructedBERTag,isConstructed,(byte[];short)
javacardx.framework.tlv,PrimitiveBERTLV,appendValue,(byte[];short;short)
javacardx.framework.tlv,PrimitiveBERTLV,appendValue,(byte[];short;byte[];short;short)
javacardx.framework.tlv,PrimitiveBERTLV,getLength,()
javacardx.framework.tlv,PrimitiveBERTLV,getLength,(byte[];short)
javacardx.framework.tlv,PrimitiveBERTLV,getValue,(byte[];short)
javacardx.framework.tlv,PrimitiveBERTLV,replaceValue,(byte[];short;short)
javacardx.framework.tlv,PrimitiveBERTLV,init,(byte[];short;short)
javacardx.framework.tlv,PrimitiveBERTLV,init,(javacardx.framework.tlv.PrimitiveBERTag;byte[];short;short)
javacardx.framework.tlv,PrimitiveBERTLV,toBytes,(byte[];short)
javacardx.framework.tlv,PrimitiveBERTLV,toBytes,(byte[];short;byte[];short;short;byte[];short)
javacardx.framework.tlv,PrimitiveBERTLV,getTag,()
javacardx.framework.tlv,PrimitiveBERTLV,getTag,(byte[];short;byte[];short)
javacardx.framework.tlv,PrimitiveBERTLV,getInstance,(byte[];short;short)
javacardx.framework.tlv,PrimitiveBERTLV,size,()
javacardx.framework.tlv,PrimitiveBERTLV,getValueOffset,(byte[];short)
javacardx.framework.tlv,PrimitiveBERTLV,verifyFormat,(byte[];short;short)
javacardx.framework.tlv,BERTag,tagNumber,()
javacardx.framework.tlv,BERTag,tagNumber,(byte[];short)
javacardx.framework.tlv,BERTag,tagClass,()
javacardx.framework.tlv,BERTag,tagClass,(byte[];short)
javacardx.framework.tlv,BERTag,init,(byte[];short)
javacardx.framework.tlv,BERTag,toBytes,(short;boolean;short;byte[];short)
javacardx.framework.tlv,BERTag,toBytes,(byte[];short)
javacardx.framework.tlv,BERTag,getInstance,(byte[];short)
javacardx.framework.tlv,BERTag,size,()
javacardx.framework.tlv,BERTag,size,(byte[];short)
javacardx.framework.tlv,BERTag,verifyFormat,(byte[];short)
javacardx.framework.tlv,BERTag,isConstructed,()
javacardx.framework.tlv,BERTag,isConstructed,(byte[];short)
javacardx.framework.tlv,TLVException,throwIt,(short)
javacardx.framework.tlv,TLVException,setReason,(short)
javacardx.framework.tlv,TLVException,getReason,()
javacardx.security.derivation,DerivationFunction.OneShot,close,()
javacardx.security.derivation,DerivationFunction.OneShot,init,(javacard.security.AlgorithmParameterSpec)
javacardx.security.derivation,DerivationFunction.OneShot,getInstance,(short;boolean)
javacardx.security.derivation,DerivationFunction.OneShot,open,(byte)
javacardx.security.derivation,DerivationFunction.OneShot,getAlgorithm,()
javacardx.security.derivation,DerivationFunction.OneShot,nextBytes,(javacard.security.SecretKey)
javacardx.security.derivation,DerivationFunction.OneShot,nextBytes,(byte[];short;short)
javacardx.security.derivation,DerivationFunction.OneShot,lastBytes,(javacard.security.SecretKey)
javacardx.security.derivation,DerivationFunction.OneShot,lastBytes,(byte[];short;short)
javacardx.security.derivation,KDFAnsiX963Spec,getOutputLength,()
javacardx.security.derivation,KDFAnsiX963Spec,getSecret,()
javacardx.security.derivation,KDFAnsiX963Spec,getAlgorithm,()
javacardx.security.derivation,KDFAnsiX963Spec,nextBytes,(javacard.security.SecretKey)
javacardx.security.derivation,KDFAnsiX963Spec,nextBytes,(byte[];short;short)
javacardx.security.derivation,KDFAnsiX963Spec,getSharedInfo,()
javacardx.security.derivation,TLSKDFExpandLabelSpec,getContext,()
javacardx.security.derivation,TLSKDFExpandLabelSpec,getLabel,()
javacardx.security.derivation,TLSKDFExpandLabelSpec,getLabelPrefix,()
javacardx.security.derivation,TLSKDFExpandLabelSpec,getOutputLength,()
javacardx.security.derivation,TLSKDFExpandLabelSpec,getSecret,()
javacardx.security.derivation,TLSKDFExpandLabelSpec,getAlgorithm,()
javacardx.security.derivation,TLSKDFExpandLabelSpec,nextBytes,(javacard.security.SecretKey)
javacardx.security.derivation,TLSKDFExpandLabelSpec,nextBytes,(byte[];short;short)
javacardx.security.derivation,DerivationFunction,init,(javacard.security.AlgorithmParameterSpec)
javacardx.security.derivation,DerivationFunction,getInstance,(short;boolean)
javacardx.security.derivation,DerivationFunction,getAlgorithm,()
javacardx.security.derivation,DerivationFunction,nextBytes,(javacard.security.SecretKey)
javacardx.security.derivation,DerivationFunction,nextBytes,(byte[];short;short)
javacardx.security.derivation,DerivationFunction,lastBytes,(javacard.security.SecretKey)
javacardx.security.derivation,DerivationFunction,lastBytes,(byte[];short;short)
javacardx.security.derivation,KDFCounterModeSpec,getCounterLength,()
javacardx.security.derivation,KDFCounterModeSpec,getInputDataAfterCounter,()
javacardx.security.derivation,KDFCounterModeSpec,getOutputLength,()
javacardx.security.derivation,KDFCounterModeSpec,getSecret,()
javacardx.security.derivation,KDFCounterModeSpec,getAlgorithm,()
javacardx.security.derivation,KDFCounterModeSpec,nextBytes,(javacard.security.SecretKey)
javacardx.security.derivation,KDFCounterModeSpec,nextBytes,(byte[];short;short)
javacardx.security.derivation,KDFCounterModeSpec,getInputDataBeforeCounter,()
javacardx.security.derivation,KDFHmacSpec,nextBytes,(javacard.security.SecretKey)
javacardx.security.derivation,KDFHmacSpec,nextBytes,(byte[];short;short)
javacardx.security.derivation,KDFHmacSpec,getOutputLength,()
javacardx.security.derivation,KDFHmacSpec,getSecret,()
javacardx.security.derivation,KDFHmacSpec,getAlgorithm,()
javacardx.security.derivation,KDFHmacSpec,getSalt,()
javacardx.security.derivation,KDFHmacSpec,getInfo,()
javacardx.security.derivation,TLSPseudoRandomFunctionSpec,getSeed,()
javacardx.security.derivation,TLSPseudoRandomFunctionSpec,getSecret,()
javacardx.security.derivation,KDFDoublePipelineIterationModeSpec,getCounterLength,()
javacardx.security.derivation,KDFDoublePipelineIterationModeSpec,getOutputLength,()
javacardx.security.derivation,KDFDoublePipelineIterationModeSpec,getSecret,()
javacardx.security.derivation,KDFDoublePipelineIterationModeSpec,getAlgorithm,()
javacardx.security.derivation,KDFDoublePipelineIterationModeSpec,nextBytes,(javacard.security.SecretKey)
javacardx.security.derivation,KDFDoublePipelineIterationModeSpec,nextBytes,(byte[];short;short)
javacardx.security.derivation,KDFDoublePipelineIterationModeSpec,getInputData,()
javacardx.security.derivation,KDFIeee1363Spec,getSecret,()
javacardx.security.derivation,KDFIeee1363Spec,getParameters,()
javacardx.security.derivation,KDFIeee1363Spec,getAlgorithm,()
javacardx.security.derivation,KDFFeedbackModeSpec,getCounterLength,()
javacardx.security.derivation,KDFFeedbackModeSpec,getIV,()
javacardx.security.derivation,KDFFeedbackModeSpec,getOutputLength,()
javacardx.security.derivation,KDFFeedbackModeSpec,getSecret,()
javacardx.security.derivation,KDFFeedbackModeSpec,getAlgorithm,()
javacardx.security.derivation,KDFFeedbackModeSpec,nextBytes,(javacard.security.SecretKey)
javacardx.security.derivation,KDFFeedbackModeSpec,nextBytes,(byte[];short;short)
javacardx.security.derivation,KDFFeedbackModeSpec,getInputData,()
javacardx.security.derivation,KDFIcaoMrtdSpec,getCounter,()
javacardx.security.derivation,KDFIcaoMrtdSpec,getSecret,()
javacardx.security.derivation,KDFIcaoMrtdSpec,getAlgorithm,()
javacardx.external,MemoryAccess,readData,(byte[];short;byte[];short;short;short;short;short)
javacardx.external,MemoryAccess,writeData,(byte[];short;short;byte[];short;short;short;short)
javacardx.external,MemoryAccess,getMemoryAccessInstance,(byte;short[];short)
javacardx.external,Memory,getMemoryAccessInstance,(byte;short[];short)
javacardx.external,ExternalException,throwIt,(short)
javacardx.external,ExternalException,setReason,(short)
javacardx.external,ExternalException,getReason,()
javacardx.security.util,MonotonicCounter,equalsMax,()
javacardx.security.util,MonotonicCounter,compareTo,(byte[];short;short)
javacardx.security.util,MonotonicCounter,compareTo,(javacardx.security.util.MonotonicCounter)
javacardx.security.util,MonotonicCounter,getInstance,(short;byte)
javacardx.security.util,MonotonicCounter,get,(byte[];short)
javacardx.security.util,MonotonicCounter,setValue,(byte[];short;short)
javacardx.security.util,MonotonicCounter,getSize,()
javacardx.security.util,MonotonicCounter,getMemoryType,()
javacardx.security.util,MonotonicCounter,incrementBy,(short)
javacardx.biometry1toN,OwnerBioTemplateData,getBioType,()
javacardx.biometry1toN,OwnerBioTemplateData,init,(byte[];short;short)
javacardx.biometry1toN,OwnerBioTemplateData,getPublicData,(short;byte[];short;short)
javacardx.biometry1toN,OwnerBioTemplateData,isInitialized,()
javacardx.biometry1toN,OwnerBioTemplateData,clear,()
javacardx.biometry1toN,OwnerBioTemplateData,update,(byte[];short;short)
javacardx.biometry1toN,OwnerBioTemplateData,doFinal,()
javacardx.biometry1toN,BioTemplateData,getBioType,()
javacardx.biometry1toN,BioTemplateData,getPublicData,(short;byte[];short;short)
javacardx.biometry1toN,BioTemplateData,isInitialized,()
javacardx.biometry1toN,Bio1toNBuilder,buildBioTemplateData,(byte;byte[])
javacardx.biometry1toN,Bio1toNBuilder,buildBioTemplateData,(byte)
javacardx.biometry1toN,Bio1toNBuilder,buildBioMatcher,(short;byte;byte)
javacardx.biometry1toN,Bio1toNBuilder,buildBioMatcher,(short;byte;byte;byte[];byte)
javacardx.biometry1toN,OwnerBioMatcher,getBioType,()
javacardx.biometry1toN,OwnerBioMatcher,getBioTemplateData,(short)
javacardx.biometry1toN,OwnerBioMatcher,getVersion,(byte[];short)
javacardx.biometry1toN,OwnerBioMatcher,init,(byte[];short;short)
javacardx.biometry1toN,OwnerBioMatcher,isValidated,()
javacardx.biometry1toN,OwnerBioMatcher,match,(byte[];short;short)
javacardx.biometry1toN,OwnerBioMatcher,isInitialized,()
javacardx.biometry1toN,OwnerBioMatcher,update,(byte[];short;short)
javacardx.biometry1toN,OwnerBioMatcher,getMaxNbOfBioTemplateData,()
javacardx.biometry1toN,OwnerBioMatcher,putBioTemplateData,(short;javacardx.biometry1toN.BioTemplateData)
javacardx.biometry1toN,OwnerBioMatcher,getIndexOfLastMatchingBioTemplateData,()
javacardx.biometry1toN,OwnerBioMatcher,reset,()
javacardx.biometry1toN,OwnerBioMatcher,initMatch,(byte[];short;short)
javacardx.biometry1toN,OwnerBioMatcher,resetUnblockAndSetTryLimit,(byte)
javacardx.biometry1toN,OwnerBioMatcher,getTriesRemaining,()
javacardx.biometry1toN,OwnerBioMatcher,doFinal,()
javacardx.biometry1toN,SharedBioTemplateData,getBioType,()
javacardx.biometry1toN,SharedBioTemplateData,getPublicData,(short;byte[];short;short)
javacardx.biometry1toN,SharedBioTemplateData,isInitialized,()
javacardx.biometry1toN,Bio1toNException,throwIt,(short)
javacardx.biometry1toN,Bio1toNException,setReason,(short)
javacardx.biometry1toN,Bio1toNException,getReason,()
javacardx.biometry1toN,BioMatcher,getBioType,()
javacardx.biometry1toN,BioMatcher,getBioTemplateData,(short)
javacardx.biometry1toN,BioMatcher,isValidated,()
javacardx.biometry1toN,BioMatcher,match,(byte[];short;short)
javacardx.biometry1toN,BioMatcher,isInitialized,()
javacardx.biometry1toN,BioMatcher,getMaxNbOfBioTemplateData,()
javacardx.biometry1toN,BioMatcher,getIndexOfLastMatchingBioTemplateData,()
javacardx.biometry1toN,BioMatcher,reset,()
javacardx.biometry1toN,BioMatcher,initMatch,(byte[];short;short)
javacardx.biometry1toN,BioMatcher,getTriesRemaining,()
javacardx.biometry1toN,BioMatcher,getVersion,(byte[];short)
javacardx.biometry1toN,SharedBioMatcher,getBioType,()
javacardx.biometry1toN,SharedBioMatcher,getBioTemplateData,(short)
javacardx.biometry1toN,SharedBioMatcher,isValidated,()
javacardx.biometry1toN,SharedBioMatcher,match,(byte[];short;short)
javacardx.biometry1toN,SharedBioMatcher,isInitialized,()
javacardx.biometry1toN,SharedBioMatcher,getMaxNbOfBioTemplateData,()
javacardx.biometry1toN,SharedBioMatcher,getIndexOfLastMatchingBioTemplateData,()
javacardx.biometry1toN,SharedBioMatcher,reset,()
javacardx.biometry1toN,SharedBioMatcher,initMatch,(byte[];short;short)
javacardx.biometry1toN,SharedBioMatcher,getTriesRemaining,()
javacardx.biometry1toN,SharedBioMatcher,getVersion,(byte[];short)
javacardx.security,SensitiveResult,lookupAID,(byte[];short;byte)
javacardx.security,SensitiveResult,getPreviousContextAID,()
javacardx.security,SensitiveResult,getAlgorithm,()
javacardx.security,SensitiveResult,reset,()
javacardx.security,SensitiveResult,getAID,()
javacardx.security,SensitiveResult,decrementTriesRemaining,()
javacardx.security,SensitiveResult,parseCert,(byte[];short;short;javacardx.security.cert.CertificateParser.ParserHandler;javacard.security.PublicKey)
javacardx.security,SensitiveResult,initMatch,(byte[];short;short)
javacardx.security,SensitiveResult,arrayCompare,(byte[];short;byte[];short;short)
javacardx.security,SensitiveResult,arrayCopy,(byte[];short;byte[];short;short)
javacardx.security,SensitiveResult,assertEquals,(short)
javacardx.security,SensitiveResult,assertEquals,(java.lang.Object)
javacardx.security,SensitiveResult,verifyTag,(byte[];short;short;short)
javacardx.security,SensitiveResult,equalsMax,()
javacardx.security,SensitiveResult,verifyPreComputedHash,(byte[];short;short;byte[];short;short)
javacardx.security,SensitiveResult,isIntegritySensitiveArraysSupported,()
javacardx.security,SensitiveResult,assertFalse,()
javacardx.security,SensitiveResult,isIntegritySensitive,(java.lang.Object)
javacardx.security,SensitiveResult,clearArray,(java.lang.Object)
javacardx.security,SensitiveResult,getTryLimit,()
javacardx.security,SensitiveResult,arrayCopyNonAtomic,(byte[];short;byte[];short;short)
javacardx.security,SensitiveResult,nextBytes,(javacard.security.SecretKey)
javacardx.security,SensitiveResult,nextBytes,(byte[];short;short)
javacardx.security,SensitiveResult,arrayFill,(byte[];short;short;byte)
javacardx.security,SensitiveResult,signPreComputedHash,(byte[];short;short;byte[];short)
javacardx.security,SensitiveResult,verify,(byte[];short;short;byte[];short;short)
javacardx.security,SensitiveResult,verify,(javacard.security.PublicKey)
javacardx.security,SensitiveResult,getTriesRemaining,()
javacardx.security,SensitiveResult,assertPositive,()
javacardx.security,SensitiveResult,update,(byte[];short;short;byte[];short)
javacardx.security,SensitiveResult,assertNegative,()
javacardx.security,SensitiveResult,getValidatedFlag,()
javacardx.security,SensitiveResult,compareTo,(javacardx.framework.time.TimeDuration)
javacardx.security,SensitiveResult,compareTo,(short;short)
javacardx.security,SensitiveResult,compareTo,(javacardx.framework.math.BigNumber)
javacardx.security,SensitiveResult,compareTo,(javacardx.security.util.MonotonicCounter)
javacardx.security,SensitiveResult,compareTo,(byte[];short;short;byte)
javacardx.security,SensitiveResult,compareTo,(byte[];short;short)
javacardx.security,SensitiveResult,arrayFillNonAtomic,(byte[];short;short;byte)
javacardx.security,SensitiveResult,getAppletShareableInterfaceObject,(javacard.framework.AID;byte)
javacardx.security,SensitiveResult,check,(byte[];short;byte)
javacardx.security,SensitiveResult,partialEquals,(byte[];short;byte)
javacardx.security,SensitiveResult,assertZero,()
javacardx.security,SensitiveResult,incrementBy,(short)
javacardx.security,SensitiveResult,sign,(byte[];short;short;byte[];short)
javacardx.security,SensitiveResult,isValidated,()
javacardx.security,SensitiveResult,match,(byte[];short;short)
javacardx.security,SensitiveResult,assertLessThan,(short)
javacardx.security,SensitiveResult,assertGreaterThan,(short)
javacardx.security,SensitiveResult,RIDEquals,(javacard.framework.AID)
javacardx.security,SensitiveResult,setValue,(byte[];short;short)
javacardx.security,SensitiveResult,assertTrue,()
javacardx.security,SensitiveResult,retrieveTag,(byte[];short;short)
javacardx.security,SensitiveResult,doFinal,(byte[];short;short;byte[];short)
javacardx.framework.util.intx,JCint,getUnusedCommitCapacity,()
javacardx.framework.util.intx,JCint,makeInt,(byte;byte;byte;byte)
javacardx.framework.util.intx,JCint,makeInt,(short;short)
javacardx.framework.util.intx,JCint,makeTransientIntArray,(short;byte)
javacardx.framework.util.intx,JCint,makeIntArrayView,(int[];short;short;short;javacard.framework.Shareable)
javacardx.framework.util.intx,JCint,getInt,(byte[];short)
javacardx.framework.util.intx,JCint,setInt,(byte[];short;int)
javacardx.framework.event,EventSource
javacardx.framework.event,EventRegistry,register,(javacardx.framework.event.EventListener)
javacardx.framework.event,EventRegistry,getEventRegistry,(javacardx.framework.event.EventSource)
javacardx.framework.event,EventRegistry,unregister,(javacardx.framework.event.EventListener)
javacardx.framework.event,EventListener
javacardx.framework.math,ParityBit,set,(byte[];short;short;boolean)
javacardx.framework.math,BigNumber,setMaximum,(byte[];short;short;byte)
javacardx.framework.math,BigNumber,getMaxBytesSupported,()
javacardx.framework.math,BigNumber,compareTo,(byte[];short;short;byte)
javacardx.framework.math,BigNumber,compareTo,(javacardx.framework.math.BigNumber)
javacardx.framework.math,BigNumber,init,(byte[];short;short;byte)
javacardx.framework.math,BigNumber,subtract,(byte[];short;short;byte)
javacardx.framework.math,BigNumber,toBytes,(byte[];short;short;byte)
javacardx.framework.math,BigNumber,multiply,(byte[];short;short;byte)
javacardx.framework.math,BigNumber,getByteLength,(byte)
javacardx.framework.math,BigNumber,reset,()
javacardx.framework.math,BigNumber,add,(byte[];short;short;byte)
javacardx.framework.math,BCDUtil,convertToBCD,(byte[];short;short;byte[];short)
javacardx.framework.math,BCDUtil,getMaxBytesSupported,()
javacardx.framework.math,BCDUtil,isBCDFormat,(byte[];short;short)
javacardx.framework.math,BCDUtil,convertToHex,(byte[];short;short;byte[];short)
javacard.framework.service,RMIService,setStatusWord,(javacard.framework.APDU;short)
javacard.framework.service,RMIService,fail,(javacard.framework.APDU;short)
javacard.framework.service,RMIService,getStatusWord,(javacard.framework.APDU)
javacard.framework.service,RMIService,processDataIn,(javacard.framework.APDU)
javacard.framework.service,RMIService,selectingApplet,()
javacard.framework.service,RMIService,setProcessed,(javacard.framework.APDU)
javacard.framework.service,RMIService,getOutputLength,(javacard.framework.APDU)
javacard.framework.service,RMIService,getCLA,(javacard.framework.APDU)
javacard.framework.service,RMIService,succeed,(javacard.framework.APDU)
javacard.framework.service,RMIService,receiveInData,(javacard.framework.APDU)
javacard.framework.service,RMIService,processDataOut,(javacard.framework.APDU)
javacard.framework.service,RMIService,setOutputLength,(javacard.framework.APDU;short)
javacard.framework.service,RMIService,succeedWithStatusWord,(javacard.framework.APDU;short)
javacard.framework.service,RMIService,isProcessed,(javacard.framework.APDU)
javacard.framework.service,RMIService,getINS,(javacard.framework.APDU)
javacard.framework.service,RMIService,processCommand,(javacard.framework.APDU)
javacard.framework.service,RMIService,setInvokeInstructionByte,(byte)
javacard.framework.service,RemoteService,processDataOut,(javacard.framework.APDU)
javacard.framework.service,RemoteService,processCommand,(javacard.framework.APDU)
javacard.framework.service,RemoteService,processDataIn,(javacard.framework.APDU)
javacard.framework.service,Dispatcher,dispatch,(javacard.framework.APDU;byte)
javacard.framework.service,Dispatcher,addService,(javacard.framework.service.Service;byte)
javacard.framework.service,Dispatcher,removeService,(javacard.framework.service.Service;byte)
javacard.framework.service,Dispatcher,process,(javacard.framework.APDU)
javacard.framework.service,CardRemoteObject,export,(java.rmi.Remote)
javacard.framework.service,CardRemoteObject,unexport,(java.rmi.Remote)
javacard.framework.service,SecurityService,isChannelSecure,(byte)
javacard.framework.service,SecurityService,isCommandSecure,(byte)
javacard.framework.service,SecurityService,isAuthenticated,(short)
javacard.framework.service,SecurityService,processDataOut,(javacard.framework.APDU)
javacard.framework.service,SecurityService,processCommand,(javacard.framework.APDU)
javacard.framework.service,SecurityService,processDataIn,(javacard.framework.APDU)
javacard.framework.service,ServiceException,throwIt,(short)
javacard.framework.service,ServiceException,setReason,(short)
javacard.framework.service,ServiceException,getReason,()
javacard.framework.service,Service,processDataOut,(javacard.framework.APDU)
javacard.framework.service,Service,processCommand,(javacard.framework.APDU)
javacard.framework.service,Service,processDataIn,(javacard.framework.APDU)
javacard.framework.service,BasicService,setStatusWord,(javacard.framework.APDU;short)
javacard.framework.service,BasicService,fail,(javacard.framework.APDU;short)
javacard.framework.service,BasicService,getStatusWord,(javacard.framework.APDU)
javacard.framework.service,BasicService,selectingApplet,()
javacard.framework.service,BasicService,setProcessed,(javacard.framework.APDU)
javacard.framework.service,BasicService,getOutputLength,(javacard.framework.APDU)
javacard.framework.service,BasicService,getCLA,(javacard.framework.APDU)
javacard.framework.service,BasicService,succeed,(javacard.framework.APDU)
javacard.framework.service,BasicService,receiveInData,(javacard.framework.APDU)
javacard.framework.service,BasicService,processDataOut,(javacard.framework.APDU)
javacard.framework.service,BasicService,getCurrentState,()
javacard.framework.service,BasicService,setOutputLength,(javacard.framework.APDU;short)
javacard.framework.service,BasicService,succeedWithStatusWord,(javacard.framework.APDU;short)
javacard.framework.service,BasicService,isProcessed,(javacard.framework.APDU)
javacard.framework.service,BasicService,getINS,(javacard.framework.APDU)
javacard.framework.service,BasicService,processCommand,(javacard.framework.APDU)
javacard.framework.service,BasicService,processDataIn,(javacard.framework.APDU)
javacard.security,InitializedMessageDigest,getLength,()
javacard.security,InitializedMessageDigest,getInstance,(byte;boolean)
javacard.security,InitializedMessageDigest,getAlgorithm,()
javacard.security,InitializedMessageDigest,setInitialDigest,(byte[];short;short;byte[];short;short)
javacard.security,InitializedMessageDigest,reset,()
javacard.security,InitializedMessageDigest,isIntermediateMessageDigestSupported,(byte)
javacard.security,InitializedMessageDigest,doIntermediateMessageDigest,(byte[];short)
javacard.security,InitializedMessageDigest,getInitializedMessageDigestInstance,(byte;boolean)
javacard.security,InitializedMessageDigest,update,(byte[];short;short)
javacard.security,InitializedMessageDigest,doFinal,(byte[];short;short;byte[];short)
javacard.security,Checksum,init,(byte[];short;short)
javacard.security,Checksum,getInstance,(byte;boolean)
javacard.security,Checksum,getAlgorithm,()
javacard.security,Checksum,update,(byte[];short;short)
javacard.security,Checksum,doFinal,(byte[];short;short;byte[];short)
javacard.security,XECKey,getEncodingLength,()
javacard.security,XECKey,getType,()
javacard.security,XECKey,getParams,()
javacard.security,XECKey,setEncoded,(byte[];short;short)
javacard.security,XECKey,getEncoded,(byte[];short)
javacard.security,XECKey,buildXECKey,(javacard.security.NamedParameterSpec;short;boolean)
javacard.security,RandomData.OneShot,setSeed,(byte[];short;short)
javacard.security,RandomData.OneShot,close,()
javacard.security,RandomData.OneShot,generateData,(byte[];short;short)
javacard.security,RandomData.OneShot,getInstance,(byte)
javacard.security,RandomData.OneShot,getInstance,(byte;boolean)
javacard.security,RandomData.OneShot,open,(byte)
javacard.security,RandomData.OneShot,getAlgorithm,()
javacard.security,RandomData.OneShot,nextBytes,(byte[];short;short)
javacard.security,GenericSecretKey,setKey,(byte[];short;short)
javacard.security,GenericSecretKey,getKey,(byte[];short)
javacard.security,GenericSecretKey,getType,()
javacard.security,GenericSecretKey,isInitialized,()
javacard.security,GenericSecretKey,buildKey,(byte;byte;short;boolean)
javacard.security,GenericSecretKey,buildKey,(byte;short;boolean)
javacard.security,GenericSecretKey,clearKey,()
javacard.security,GenericSecretKey,getSize,()
javacard.security,Signature.OneShot,getLength,()
javacard.security,Signature.OneShot,close,()
javacard.security,Signature.OneShot,init,(javacard.security.Key;byte)
javacard.security,Signature.OneShot,init,(javacard.security.Key;byte;byte[];short;short)
javacard.security,Signature.OneShot,verifyPreComputedHash,(byte[];short;short;byte[];short;short)
javacard.security,Signature.OneShot,getCipherAlgorithm,()
javacard.security,Signature.OneShot,sign,(byte[];short;short;byte[];short)
javacard.security,Signature.OneShot,open,(byte;byte;byte)
javacard.security,Signature.OneShot,getInstance,(byte;byte;byte;boolean)
javacard.security,Signature.OneShot,getInstance,(byte;boolean)
javacard.security,Signature.OneShot,getAlgorithm,()
javacard.security,Signature.OneShot,getMessageDigestAlgorithm,()
javacard.security,Signature.OneShot,setInitialDigest,(byte[];short;short;byte[];short;short)
javacard.security,Signature.OneShot,getPaddingAlgorithm,()
javacard.security,Signature.OneShot,signPreComputedHash,(byte[];short;short;byte[];short)
javacard.security,Signature.OneShot,verify,(byte[];short;short;byte[];short;short)
javacard.security,Signature.OneShot,update,(byte[];short;short)
javacard.security,RSAPrivateCrtKey,getPQ,(byte[];short)
javacard.security,RSAPrivateCrtKey,getQ,(byte[];short)
javacard.security,RSAPrivateCrtKey,getP,(byte[];short)
javacard.security,RSAPrivateCrtKey,setQ,(byte[];short;short)
javacard.security,RSAPrivateCrtKey,getType,()
javacard.security,RSAPrivateCrtKey,setP,(byte[];short;short)
javacard.security,RSAPrivateCrtKey,isInitialized,()
javacard.security,RSAPrivateCrtKey,clearKey,()
javacard.security,RSAPrivateCrtKey,getSize,()
javacard.security,RSAPrivateCrtKey,setPQ,(byte[];short;short)
javacard.security,DSAPublicKey,getQ,(byte[];short)
javacard.security,DSAPublicKey,getP,(byte[];short)
javacard.security,DSAPublicKey,setQ,(byte[];short;short)
javacard.security,DSAPublicKey,getType,()
javacard.security,DSAPublicKey,getY,(byte[];short)
javacard.security,DSAPublicKey,setP,(byte[];short;short)
javacard.security,DSAPublicKey,isInitialized,()
javacard.security,DSAPublicKey,setY,(byte[];short;short)
javacard.security,DSAPublicKey,getG,(byte[];short)
javacard.security,DSAPublicKey,clearKey,()
javacard.security,DSAPublicKey,getSize,()
javacard.security,DSAPublicKey,setG,(byte[];short;short)
javacard.security,DESKey,setKey,(byte[];short)
javacard.security,DESKey,getKey,(byte[];short)
javacard.security,DESKey,getType,()
javacard.security,DESKey,isInitialized,()
javacard.security,DESKey,clearKey,()
javacard.security,DESKey,getSize,()
javacard.security,AESKey,setKey,(byte[];short)
javacard.security,AESKey,getKey,(byte[];short)
javacard.security,AESKey,getType,()
javacard.security,AESKey,isInitialized,()
javacard.security,AESKey,clearKey,()
javacard.security,AESKey,getSize,()
javacard.security,CryptoException,throwIt,(short)
javacard.security,CryptoException,setReason,(short)
javacard.security,CryptoException,getReason,()
javacard.security,XECPrivateKey,getEncodingLength,()
javacard.security,XECPrivateKey,getType,()
javacard.security,XECPrivateKey,getParams,()
javacard.security,XECPrivateKey,setEncoded,(byte[];short;short)
javacard.security,XECPrivateKey,isInitialized,()
javacard.security,XECPrivateKey,getEncoded,(byte[];short)
javacard.security,XECPrivateKey,clearKey,()
javacard.security,XECPrivateKey,getSize,()
javacard.security,Key,getType,()
javacard.security,Key,clearKey,()
javacard.security,Key,isInitialized,()
javacard.security,Key,getSize,()
javacard.security,DHPublicKey,getQ,(byte[];short)
javacard.security,DHPublicKey,getP,(byte[];short)
javacard.security,DHPublicKey,setQ,(byte[];short;short)
javacard.security,DHPublicKey,getType,()
javacard.security,DHPublicKey,getY,(byte[];short)
javacard.security,DHPublicKey,setP,(byte[];short;short)
javacard.security,DHPublicKey,isInitialized,()
javacard.security,DHPublicKey,setY,(byte[];short;short)
javacard.security,DHPublicKey,getG,(byte[];short)
javacard.security,DHPublicKey,clearKey,()
javacard.security,DHPublicKey,getSize,()
javacard.security,DHPublicKey,setG,(byte[];short;short)
javacard.security,HMACKey,setKey,(byte[];short;short)
javacard.security,HMACKey,getKey,(byte[];short)
javacard.security,HMACKey,getType,()
javacard.security,HMACKey,isInitialized,()
javacard.security,HMACKey,buildKey,(byte;byte;short;boolean)
javacard.security,HMACKey,buildKey,(byte;short;boolean)
javacard.security,HMACKey,clearKey,()
javacard.security,HMACKey,getSize,()
javacard.security,RSAPublicKey,getModulus,(byte[];short)
javacard.security,RSAPublicKey,getType,()
javacard.security,RSAPublicKey,setExponent,(byte[];short;short)
javacard.security,RSAPublicKey,setModulus,(byte[];short;short)
javacard.security,RSAPublicKey,isInitialized,()
javacard.security,RSAPublicKey,getExponent,(byte[];short)
javacard.security,RSAPublicKey,clearKey,()
javacard.security,RSAPublicKey,getSize,()
javacard.security,KeyPair,getPublic,()
javacard.security,KeyPair,genKeyPair,(javacard.security.AlgorithmParameterSpec)
javacard.security,KeyPair,genKeyPair,()
javacard.security,KeyPair,getPrivate,()
javacard.security,ECPrivateKey,setFieldFP,(byte[];short;short)
javacard.security,ECPrivateKey,getA,(byte[];short)
javacard.security,ECPrivateKey,getType,()
javacard.security,ECPrivateKey,setS,(byte[];short;short)
javacard.security,ECPrivateKey,setK,(short)
javacard.security,ECPrivateKey,isInitialized,()
javacard.security,ECPrivateKey,getG,(byte[];short)
javacard.security,ECPrivateKey,getK,()
javacard.security,ECPrivateKey,copyDomainParametersFrom,(javacard.security.ECKey)
javacard.security,ECPrivateKey,getR,(byte[];short)
javacard.security,ECPrivateKey,setR,(byte[];short;short)
javacard.security,ECPrivateKey,getField,(byte[];short)
javacard.security,ECPrivateKey,setA,(byte[];short;short)
javacard.security,ECPrivateKey,getSize,()
javacard.security,ECPrivateKey,setG,(byte[];short;short)
javacard.security,ECPrivateKey,setB,(byte[];short;short)
javacard.security,ECPrivateKey,getB,(byte[];short)
javacard.security,ECPrivateKey,clearKey,()
javacard.security,ECPrivateKey,getS,(byte[];short)
javacard.security,KoreanSEEDKey,setKey,(byte[];short)
javacard.security,KoreanSEEDKey,getKey,(byte[];short)
javacard.security,KoreanSEEDKey,getType,()
javacard.security,KoreanSEEDKey,isInitialized,()
javacard.security,KoreanSEEDKey,clearKey,()
javacard.security,KoreanSEEDKey,getSize,()
javacard.security,Signature,getLength,()
javacard.security,Signature,init,(javacard.security.Key;byte)
javacard.security,Signature,init,(javacard.security.Key;byte;byte[];short;short)
javacard.security,Signature,verifyPreComputedHash,(byte[];short;short;byte[];short;short)
javacard.security,Signature,getCipherAlgorithm,()
javacard.security,Signature,getInstance,(byte;byte;byte;boolean)
javacard.security,Signature,getInstance,(byte;boolean)
javacard.security,Signature,sign,(byte[];short;short;byte[];short)
javacard.security,Signature,getAlgorithm,()
javacard.security,Signature,getMessageDigestAlgorithm,()
javacard.security,Signature,setInitialDigest,(byte[];short;short;byte[];short;short)
javacard.security,Signature,getPaddingAlgorithm,()
javacard.security,Signature,signPreComputedHash,(byte[];short;short;byte[];short)
javacard.security,Signature,verify,(byte[];short;short;byte[];short;short)
javacard.security,Signature,update,(byte[];short;short)
javacard.security,XECPublicKey,getEncodingLength,()
javacard.security,XECPublicKey,getType,()
javacard.security,XECPublicKey,getParams,()
javacard.security,XECPublicKey,setEncoded,(byte[];short;short)
javacard.security,XECPublicKey,isInitialized,()
javacard.security,XECPublicKey,getEncoded,(byte[];short)
javacard.security,XECPublicKey,clearKey,()
javacard.security,XECPublicKey,getSize,()
javacard.security,PublicKey,getType,()
javacard.security,PublicKey,clearKey,()
javacard.security,PublicKey,isInitialized,()
javacard.security,PublicKey,getSize,()
javacard.security,RSAPrivateKey,getModulus,(byte[];short)
javacard.security,RSAPrivateKey,getType,()
javacard.security,RSAPrivateKey,setExponent,(byte[];short;short)
javacard.security,RSAPrivateKey,setModulus,(byte[];short;short)
javacard.security,RSAPrivateKey,isInitialized,()
javacard.security,RSAPrivateKey,getExponent,(byte[];short)
javacard.security,RSAPrivateKey,clearKey,()
javacard.security,RSAPrivateKey,getSize,()
javacard.security,PrivateKey,getType,()
javacard.security,PrivateKey,clearKey,()
javacard.security,PrivateKey,isInitialized,()
javacard.security,PrivateKey,getSize,()
javacard.security,KeyBuilder,buildKeyWithSharedDomain,(byte;byte;javacard.security.Key;boolean)
javacard.security,KeyBuilder,getType,()
javacard.security,KeyBuilder,buildKey,(byte;short;boolean)
javacard.security,KeyBuilder,buildKey,(byte;byte;short;boolean)
javacard.security,KeyBuilder,buildXECKey,(javacard.security.NamedParameterSpec;short;boolean)
javacard.security,KeyBuilder,getMemoryType,(javacard.security.Key)
javacard.security,MessageDigest.OneShot,getLength,()
javacard.security,MessageDigest.OneShot,close,()
javacard.security,MessageDigest.OneShot,getInstance,(byte;boolean)
javacard.security,MessageDigest.OneShot,open,(byte)
javacard.security,MessageDigest.OneShot,getAlgorithm,()
javacard.security,MessageDigest.OneShot,reset,()
javacard.security,MessageDigest.OneShot,isIntermediateMessageDigestSupported,(byte)
javacard.security,MessageDigest.OneShot,doIntermediateMessageDigest,(byte[];short)
javacard.security,MessageDigest.OneShot,getInitializedMessageDigestInstance,(byte;boolean)
javacard.security,MessageDigest.OneShot,update,(byte[];short;short)
javacard.security,MessageDigest.OneShot,doFinal,(byte[];short;short;byte[];short)
javacard.security,DHPrivateKey,getQ,(byte[];short)
javacard.security,DHPrivateKey,getP,(byte[];short)
javacard.security,DHPrivateKey,setQ,(byte[];short;short)
javacard.security,DHPrivateKey,getSize,()
javacard.security,DHPrivateKey,getType,()
javacard.security,DHPrivateKey,setP,(byte[];short;short)
javacard.security,DHPrivateKey,isInitialized,()
javacard.security,DHPrivateKey,getG,(byte[];short)
javacard.security,DHPrivateKey,clearKey,()
javacard.security,DHPrivateKey,getX,(byte[];short)
javacard.security,DHPrivateKey,setX,(byte[];short;short)
javacard.security,DHPrivateKey,setG,(byte[];short;short)
javacard.security,ECKey,getK,()
javacard.security,ECKey,setFieldFP,(byte[];short;short)
javacard.security,ECKey,getA,(byte[];short)
javacard.security,ECKey,getB,(byte[];short)
javacard.security,ECKey,copyDomainParametersFrom,(javacard.security.ECKey)
javacard.security,ECKey,setR,(byte[];short;short)
javacard.security,ECKey,buildKeyWithSharedDomain,(byte;byte;javacard.security.Key;boolean)
javacard.security,ECKey,setK,(short)
javacard.security,ECKey,getR,(byte[];short)
javacard.security,ECKey,getField,(byte[];short)
javacard.security,ECKey,getG,(byte[];short)
javacard.security,ECKey,setA,(byte[];short;short)
javacard.security,ECKey,setG,(byte[];short;short)
javacard.security,ECKey,setB,(byte[];short;short)
javacard.security,SM2KeyAgreementParameterSpec,getLength,()
javacard.security,SM2KeyAgreementParameterSpec,getResponderID,()
javacard.security,SM2KeyAgreementParameterSpec,init,(javacard.security.PrivateKey;javacard.security.AlgorithmParameterSpec)
javacard.security,SM2KeyAgreementParameterSpec,isInitiator,()
javacard.security,SM2KeyAgreementParameterSpec,getEphemeralPublicKey,()
javacard.security,SM2KeyAgreementParameterSpec,getInitiatorID,()
javacard.security,SM2KeyAgreementParameterSpec,getEphemeralPrivateKey,()
javacard.security,SM2KeyAgreementParameterSpec,getConfirmationValue,()
javacard.security,InitializedMessageDigest.OneShot,getLength,()
javacard.security,InitializedMessageDigest.OneShot,close,()
javacard.security,InitializedMessageDigest.OneShot,getInstance,(byte;boolean)
javacard.security,InitializedMessageDigest.OneShot,open,(byte)
javacard.security,InitializedMessageDigest.OneShot,getAlgorithm,()
javacard.security,InitializedMessageDigest.OneShot,setInitialDigest,(byte[];short;short;byte[];short;short)
javacard.security,InitializedMessageDigest.OneShot,reset,()
javacard.security,InitializedMessageDigest.OneShot,isIntermediateMessageDigestSupported,(byte)
javacard.security,InitializedMessageDigest.OneShot,doIntermediateMessageDigest,(byte[];short)
javacard.security,InitializedMessageDigest.OneShot,getInitializedMessageDigestInstance,(byte;boolean)
javacard.security,InitializedMessageDigest.OneShot,update,(byte[];short;short)
javacard.security,InitializedMessageDigest.OneShot,doFinal,(byte[];short;short;byte[];short)
javacard.security,ECPublicKey,setFieldFP,(byte[];short;short)
javacard.security,ECPublicKey,getA,(byte[];short)
javacard.security,ECPublicKey,getType,()
javacard.security,ECPublicKey,setK,(short)
javacard.security,ECPublicKey,isInitialized,()
javacard.security,ECPublicKey,getG,(byte[];short)
javacard.security,ECPublicKey,getK,()
javacard.security,ECPublicKey,copyDomainParametersFrom,(javacard.security.ECKey)
javacard.security,ECPublicKey,getR,(byte[];short)
javacard.security,ECPublicKey,setR,(byte[];short;short)
javacard.security,ECPublicKey,setW,(byte[];short;short)
javacard.security,ECPublicKey,getField,(byte[];short)
javacard.security,ECPublicKey,setA,(byte[];short;short)
javacard.security,ECPublicKey,getSize,()
javacard.security,ECPublicKey,setG,(byte[];short;short)
javacard.security,ECPublicKey,setB,(byte[];short;short)
javacard.security,ECPublicKey,getB,(byte[];short)
javacard.security,ECPublicKey,getW,(byte[];short)
javacard.security,ECPublicKey,clearKey,()
javacard.security,MessageDigest,getLength,()
javacard.security,MessageDigest,getInstance,(byte;byte;byte;boolean)
javacard.security,MessageDigest,getInstance,(byte;boolean)
javacard.security,MessageDigest,getAlgorithm,()
javacard.security,MessageDigest,reset,()
javacard.security,MessageDigest,isIntermediateMessageDigestSupported,(byte)
javacard.security,MessageDigest,doIntermediateMessageDigest,(byte[];short)
javacard.security,MessageDigest,getInitializedMessageDigestInstance,(byte;boolean)
javacard.security,MessageDigest,update,(byte[];short;short)
javacard.security,MessageDigest,doFinal,(byte[];short;short;byte[];short)
javacard.security,DHKey,getQ,(byte[];short)
javacard.security,DHKey,getP,(byte[];short)
javacard.security,DHKey,setQ,(byte[];short;short)
javacard.security,DHKey,setP,(byte[];short;short)
javacard.security,DHKey,getG,(byte[];short)
javacard.security,DHKey,setG,(byte[];short;short)
javacard.security,NamedParameterSpec,getSize,()
javacard.security,NamedParameterSpec,getEncodingLength,()
javacard.security,NamedParameterSpec,getType,()
javacard.security,NamedParameterSpec,getInstance,(short)
javacard.security,NamedParameterSpec,setEncoded,(byte[];short;short)
javacard.security,NamedParameterSpec,getEncoded,(byte[];short)
javacard.security,NamedParameterSpec,buildXECKey,(javacard.security.NamedParameterSpec;short;boolean)
javacard.security,NamedParameterSpec,getName,()
javacard.security,KeyAgreement,init,(javacard.security.PrivateKey)
javacard.security,KeyAgreement,init,(javacard.security.PrivateKey;javacard.security.AlgorithmParameterSpec)
javacard.security,KeyAgreement,getInstance,(byte;boolean)
javacard.security,KeyAgreement,getAlgorithm,()
javacard.security,KeyAgreement,getEncoded,(byte[];short)
javacard.security,KeyAgreement,buildXECKey,(javacard.security.NamedParameterSpec;short;boolean)
javacard.security,KeyAgreement,generateSecret,(byte[];short;short;byte[];short)
javacard.security,SecretKey,getType,()
javacard.security,SecretKey,clearKey,()
javacard.security,SecretKey,isInitialized,()
javacard.security,SecretKey,getSize,()
javacard.security,RandomData,setSeed,(byte[];short;short)
javacard.security,RandomData,generateData,(byte[];short;short)
javacard.security,RandomData,getInstance,(byte)
javacard.security,RandomData,getInstance,(byte;boolean)
javacard.security,RandomData,getAlgorithm,()
javacard.security,RandomData,nextBytes,(byte[];short;short)
javacard.security,SM4Key,setKey,(byte[];short)
javacard.security,SM4Key,getKey,(byte[];short)
javacard.security,SM4Key,getType,()
javacard.security,SM4Key,isInitialized,()
javacard.security,SM4Key,clearKey,()
javacard.security,SM4Key,getSize,()
javacard.security,DSAKey,getQ,(byte[];short)
javacard.security,DSAKey,getP,(byte[];short)
javacard.security,DSAKey,setQ,(byte[];short;short)
javacard.security,DSAKey,setP,(byte[];short;short)
javacard.security,DSAKey,getG,(byte[];short)
javacard.security,DSAKey,setG,(byte[];short;short)
javacard.security,AlgorithmParameterSpec
javacard.security,SignatureMessageRecovery,getLength,()
javacard.security,SignatureMessageRecovery,init,(javacard.security.Key;byte)
javacard.security,SignatureMessageRecovery,sign,(byte[];short;short;byte[];short;short[];short)
javacard.security,SignatureMessageRecovery,getInstance,(byte;byte;byte;boolean)
javacard.security,SignatureMessageRecovery,getInstance,(byte;boolean)
javacard.security,SignatureMessageRecovery,getAlgorithm,()
javacard.security,SignatureMessageRecovery,beginVerify,(byte[];short;short)
javacard.security,SignatureMessageRecovery,verify,(byte[];short;short)
javacard.security,SignatureMessageRecovery,update,(byte[];short;short)
javacard.security,DSAPrivateKey,getQ,(byte[];short)
javacard.security,DSAPrivateKey,getP,(byte[];short)
javacard.security,DSAPrivateKey,setQ,(byte[];short;short)
javacard.security,DSAPrivateKey,getSize,()
javacard.security,DSAPrivateKey,getType,()
javacard.security,DSAPrivateKey,setP,(byte[];short;short)
javacard.security,DSAPrivateKey,isInitialized,()
javacard.security,DSAPrivateKey,getG,(byte[];short)
javacard.security,DSAPrivateKey,clearKey,()
javacard.security,DSAPrivateKey,getX,(byte[];short)
javacard.security,DSAPrivateKey,setX,(byte[];short;short)
javacard.security,DSAPrivateKey,setG,(byte[];short;short)
javacard.security,PrimalityTestParamSpec,getType,()
javacard.security,PrimalityTestParamSpec,getRounds,()
javacard.security,PrimalityTestParamSpec,genKeyPair,(javacard.security.AlgorithmParameterSpec)
javacardx.security.cert,Certificate,getType,()
javacardx.security.cert,Certificate,verify,(javacard.security.PublicKey)
javacardx.security.cert,Certificate,getPublicKey,()
javacardx.security.cert,CertificateParser.KeyHandler,getName,()
javacardx.security.cert,CertificateParser.KeyHandler,onKey,(byte;short)
javacardx.security.cert,CertificateParser.KeyHandler,getPublicKey,()
javacardx.security.cert,CertificateParser.KeyHandler,getType,()
javacardx.security.cert,CertificateParser.KeyHandler,getSize,()
javacardx.security.cert,CertificateParser.KeyHandler,parseCert,(byte[];short;short;javacardx.security.cert.CertificateParser.ParserHandler)
javacardx.security.cert,CertificateParser.KeyHandler,parseCert,(byte[];short;short;javacardx.security.cert.CertificateParser.ParserHandler;javacard.security.PublicKey)
javacardx.security.cert,CertificateParser.KeyHandler,buildCert,(byte[];short;short;javacardx.security.cert.CertificateParser.ParserHandler)
javacardx.security.cert,CertificateParser.KeyHandler,buildCert,(byte[];short;short;javacardx.security.cert.CertificateParser.ParserHandler;javacard.security.PublicKey)
javacardx.security.cert,X509Certificate,getExtensions,(javacardx.security.cert.X509Certificate.ExtensionHandler)
javacardx.security.cert,X509Certificate,getPublicKey,()
javacardx.security.cert,X509Certificate,getType,()
javacardx.security.cert,X509Certificate,onExtension,(byte[];boolean;byte[])
javacardx.security.cert,X509Certificate,getField,(short)
javacardx.security.cert,X509Certificate,getExtension,(byte[];short;short)
javacardx.security.cert,X509Certificate,verify,(javacard.security.PublicKey)
javacardx.security.cert,X509Certificate,getVersion,()
javacardx.security.cert,CertificateParser,onKey,(byte;short)
javacardx.security.cert,CertificateParser,getInstance,(short)
javacardx.security.cert,CertificateParser,parseCert,(byte[];short;short;javacardx.security.cert.CertificateParser.ParserHandler)
javacardx.security.cert,CertificateParser,parseCert,(byte[];short;short;javacardx.security.cert.CertificateParser.ParserHandler;javacard.security.PublicKey)
javacardx.security.cert,CertificateParser,buildCert,(byte[];short;short;javacardx.security.cert.CertificateParser.ParserHandler)
javacardx.security.cert,CertificateParser,buildCert,(byte[];short;short;javacardx.security.cert.CertificateParser.ParserHandler;javacard.security.PublicKey)
javacardx.security.cert,CertificateParser.ParserHandler,parseCert,(byte[];short;short;javacardx.security.cert.CertificateParser.ParserHandler)
javacardx.security.cert,CertificateParser.ParserHandler,parseCert,(byte[];short;short;javacardx.security.cert.CertificateParser.ParserHandler;javacard.security.PublicKey)
javacardx.security.cert,CertificateParser.ParserHandler,buildCert,(byte[];short;short;javacardx.security.cert.CertificateParser.ParserHandler)
javacardx.security.cert,CertificateParser.ParserHandler,buildCert,(byte[];short;short;javacardx.security.cert.CertificateParser.ParserHandler;javacard.security.PublicKey)
javacardx.security.cert,CertificateException,throwIt,(short)
javacardx.security.cert,CertificateException,setReason,(short)
javacardx.security.cert,CertificateException,getReason,()
javacardx.security.cert,X509Certificate.ExtensionHandler,parseCert,(byte[];short;short;javacardx.security.cert.CertificateParser.ParserHandler)
javacardx.security.cert,X509Certificate.ExtensionHandler,buildCert,(byte[];short;short;javacardx.security.cert.CertificateParser.ParserHandler)
javacardx.security.cert,X509Certificate.ExtensionHandler,onExtension,(byte[];boolean;byte[])
javacardx.security.cert,X509Certificate.FieldHandler,parseCert,(byte[];short;short;javacardx.security.cert.CertificateParser.ParserHandler)
javacardx.security.cert,X509Certificate.FieldHandler,buildCert,(byte[];short;short;javacardx.security.cert.CertificateParser.ParserHandler)
javacardx.security.cert,X509Certificate.FieldHandler,onField,(short;byte[])
java.rmi,Remote
javacardx.annotations,StringDef,value,()
javacardx.annotations,StringDef,name,()
javacardx.annotations,StringDef,reference,()
javacardx.annotations,StringPool,export,()
javacardx.annotations,StringPool,value,()
javacardx.annotations,StringPool,name,()
javacardx.annotations,StringPool,reference,()
javacardx.framework.time,DateTimeException,throwIt,(short)
javacardx.framework.time,DateTimeException,setReason,(short)
javacardx.framework.time,DateTimeException,getReason,()
javacardx.framework.time,SysTime,uptime,(javacardx.framework.time.TimeDuration)
javacardx.framework.time,TimeDuration,isNegative,()
javacardx.framework.time,TimeDuration,neg,()
javacardx.framework.time,TimeDuration,minus,(javacardx.framework.time.TimeDuration)
javacardx.framework.time,TimeDuration,minus,(short;short)
javacardx.framework.time,TimeDuration,abs,()
javacardx.framework.time,TimeDuration,compareTo,(javacardx.framework.time.TimeDuration)
javacardx.framework.time,TimeDuration,compareTo,(short;short)
javacardx.framework.time,TimeDuration,toBytes,(byte[];short;short;short)
javacardx.framework.time,TimeDuration,getInstance,(byte)
javacardx.framework.time,TimeDuration,getInstance,(byte;short;short)
javacardx.framework.time,TimeDuration,set,(byte[];short;short;short)
javacardx.framework.time,TimeDuration,plus,(javacardx.framework.time.TimeDuration)
javacardx.framework.time,TimeDuration,plus,(short;short)
javacardx.framework.time,TimeDuration,reset,()
javacardx.framework.time,TimeDuration,getMemoryType,()
javacardx.framework.time,TimeDuration,getByteLength,(short)
javacardx.biometry,OwnerBioTemplate,getPublicTemplateData,(short;byte[];short;short)
javacardx.biometry,OwnerBioTemplate,getBioType,()
javacardx.biometry,OwnerBioTemplate,getTriesRemaining,()
javacardx.biometry,OwnerBioTemplate,getVersion,(byte[];short)
javacardx.biometry,OwnerBioTemplate,init,(byte[];short;short)
javacardx.biometry,OwnerBioTemplate,isValidated,()
javacardx.biometry,OwnerBioTemplate,match,(byte[];short;short)
javacardx.biometry,OwnerBioTemplate,isInitialized,()
javacardx.biometry,OwnerBioTemplate,clear,()
javacardx.biometry,OwnerBioTemplate,reset,()
javacardx.biometry,OwnerBioTemplate,initMatch,(byte[];short;short)
javacardx.biometry,OwnerBioTemplate,resetUnblockAndSetTryLimit,(byte)
javacardx.biometry,OwnerBioTemplate,update,(byte[];short;short)
javacardx.biometry,OwnerBioTemplate,doFinal,()
javacardx.biometry,BioBuilder,buildBioTemplate,(byte;byte)
javacardx.biometry,BioBuilder,buildBioTemplate,(byte;byte;byte[];byte)
javacardx.biometry,SharedBioTemplate,getPublicTemplateData,(short;byte[];short;short)
javacardx.biometry,SharedBioTemplate,getBioType,()
javacardx.biometry,SharedBioTemplate,isValidated,()
javacardx.biometry,SharedBioTemplate,match,(byte[];short;short)
javacardx.biometry,SharedBioTemplate,isInitialized,()
javacardx.biometry,SharedBioTemplate,reset,()
javacardx.biometry,SharedBioTemplate,initMatch,(byte[];short;short)
javacardx.biometry,SharedBioTemplate,getTriesRemaining,()
javacardx.biometry,SharedBioTemplate,getVersion,(byte[];short)
javacardx.biometry,BioTemplate,getPublicTemplateData,(short;byte[];short;short)
javacardx.biometry,BioTemplate,getBioType,()
javacardx.biometry,BioTemplate,isValidated,()
javacardx.biometry,BioTemplate,match,(byte[];short;short)
javacardx.biometry,BioTemplate,isInitialized,()
javacardx.biometry,BioTemplate,reset,()
javacardx.biometry,BioTemplate,initMatch,(byte[];short;short)
javacardx.biometry,BioTemplate,getTriesRemaining,()
javacardx.biometry,BioTemplate,getVersion,(byte[];short)
javacardx.biometry,BioException,throwIt,(short)
javacardx.biometry,BioException,setReason,(short)
javacardx.biometry,BioException,getReason,()
javacardx.apdu,ExtendedLength
javacardx.crypto,KeyEncryption,setKeyCipher,(javacardx.crypto.Cipher)
javacardx.crypto,KeyEncryption,getKeyCipher,()
javacardx.crypto,AEADCipher,verifyTag,(byte[];short;short;short)
javacardx.crypto,AEADCipher,init,(javacard.security.Key;byte)
javacardx.crypto,AEADCipher,init,(javacard.security.Key;byte;byte[];short;short)
javacardx.crypto,AEADCipher,init,(javacard.security.Key;byte;byte[];short;short;short;short;short)
javacardx.crypto,AEADCipher,getCipherAlgorithm,()
javacardx.crypto,AEADCipher,getInstance,(byte;byte;boolean)
javacardx.crypto,AEADCipher,getInstance,(byte;boolean)
javacardx.crypto,AEADCipher,getAlgorithm,()
javacardx.crypto,AEADCipher,retrieveTag,(byte[];short;short)
javacardx.crypto,AEADCipher,getPaddingAlgorithm,()
javacardx.crypto,AEADCipher,updateAAD,(byte[];short;short)
javacardx.crypto,AEADCipher,update,(byte[];short;short;byte[];short)
javacardx.crypto,AEADCipher,doFinal,(byte[];short;short;byte[];short)
javacardx.crypto,Cipher,init,(javacard.security.Key;byte)
javacardx.crypto,Cipher,init,(javacard.security.Key;byte;byte[];short;short)
javacardx.crypto,Cipher,getCipherAlgorithm,()
javacardx.crypto,Cipher,getInstance,(byte;byte;byte;boolean)
javacardx.crypto,Cipher,getInstance,(byte;byte;boolean)
javacardx.crypto,Cipher,getInstance,(byte;boolean)
javacardx.crypto,Cipher,getAlgorithm,()
javacardx.crypto,Cipher,getPaddingAlgorithm,()
javacardx.crypto,Cipher,update,(byte[];short;short;byte[];short)
javacardx.crypto,Cipher,doFinal,(byte[];short;short;byte[];short)
javacardx.crypto,Cipher.OneShot,close,()
javacardx.crypto,Cipher.OneShot,init,(javacard.security.Key;byte)
javacardx.crypto,Cipher.OneShot,init,(javacard.security.Key;byte;byte[];short;short)
javacardx.crypto,Cipher.OneShot,getCipherAlgorithm,()
javacardx.crypto,Cipher.OneShot,getInstance,(byte;byte;boolean)
javacardx.crypto,Cipher.OneShot,getInstance,(byte;boolean)
javacardx.crypto,Cipher.OneShot,open,(byte;byte)
javacardx.crypto,Cipher.OneShot,getAlgorithm,()
javacardx.crypto,Cipher.OneShot,getPaddingAlgorithm,()
javacardx.crypto,Cipher.OneShot,update,(byte[];short;short;byte[];short)
javacardx.crypto,Cipher.OneShot,doFinal,(byte[];short;short;byte[];short)
javacardx.framework.util,UtilException,throwIt,(short)
javacardx.framework.util,UtilException,setReason,(short)
javacardx.framework.util,UtilException,getReason,()
javacardx.framework.util,ArrayLogic,getUnusedCommitCapacity,()
javacardx.framework.util,ArrayLogic,arrayCopyRepackNonAtomic,(java.lang.Object;short;short;java.lang.Object;short)
javacardx.framework.util,ArrayLogic,arrayCopyRepack,(java.lang.Object;short;short;java.lang.Object;short)
javacardx.framework.util,ArrayLogic,arrayCompareGeneric,(java.lang.Object;short;java.lang.Object;short;short)
javacardx.framework.util,ArrayLogic,arrayFillGenericNonAtomic,(java.lang.Object;short;short;java.lang.Object;short)
javacardx.framework.util,ArrayLogic,arrayFindGeneric,(java.lang.Object;short;byte[];short)
javacardx.framework.util,ArrayLogic,arrayFillGeneric,(java.lang.Object;short;short;java.lang.Object;short)
javacard.framework,MultiSelectable,deselect,(boolean)
javacard.framework,MultiSelectable,select,(boolean)
javacard.framework,Util,getUnusedCommitCapacity,()
javacard.framework,Util,getShort,(byte[];short)
javacard.framework,Util,setShort,(byte[];short;short)
javacard.framework,Util,makeShort,(byte;byte)
javacard.framework,Util,arrayFillNonAtomic,(byte[];short;short;byte)
javacard.framework,Util,arrayCopyNonAtomic,(byte[];short;byte[];short;short)
javacard.framework,Util,arrayFill,(byte[];short;short;byte)
javacard.framework,Util,arrayCompare,(byte[];short;byte[];short;short)
javacard.framework,Util,arrayCopy,(byte[];short;byte[];short;short)
javacard.framework,SystemException,throwIt,(short)
javacard.framework,SystemException,setReason,(short)
javacard.framework,SystemException,getReason,()
javacard.framework,ISOException,throwIt,(short)
javacard.framework,ISOException,setReason,(short)
javacard.framework,ISOException,getReason,()
javacard.framework,JCSystem,isObjectDeletionSupported,()
javacard.framework,JCSystem,getUnusedCommitCapacity,()
javacard.framework,JCSystem,lookupAID,(byte[];short;byte)
javacard.framework,JCSystem,getAttributes,(java.lang.Object)
javacard.framework,JCSystem,abortTransaction,()
javacard.framework,JCSystem,getCLAChannel,()
javacard.framework,JCSystem,isTransient,(java.lang.Object)
javacard.framework,JCSystem,getPreviousContextAID,()
javacard.framework,JCSystem,makeTransientBooleanArray,(short;byte)
javacard.framework,JCSystem,getAvailableMemory,(short[];short;byte)
javacard.framework,JCSystem,getAvailableMemory,(byte[];short;byte)
javacard.framework,JCSystem,getAvailableMemory,(byte)
javacard.framework,JCSystem,commitTransaction,()
javacard.framework,JCSystem,makeGlobalArray,(byte;short)
javacard.framework,JCSystem,requestObjectDeletion,()
javacard.framework,JCSystem,getShareableInterfaceObject,(javacard.framework.AID;byte)
javacard.framework,JCSystem,getAID,()
javacard.framework,JCSystem,makeShortArrayView,(short[];short;short;short;javacard.framework.Shareable)
javacard.framework,JCSystem,makeTransientObjectArray,(short;byte)
javacard.framework,JCSystem,isArrayView,(java.lang.Object)
javacard.framework,JCSystem,makeArrayView,(java.lang.Object;short;short;short;javacard.framework.Shareable)
javacard.framework,JCSystem,getTransactionDepth,()
javacard.framework,JCSystem,makeTransientByteArray,(short;byte)
javacard.framework,JCSystem,getAssignedChannel,()
javacard.framework,JCSystem,beginTransaction,()
javacard.framework,JCSystem,getAppletShareableInterfaceObject,(javacard.framework.AID;byte)
javacard.framework,JCSystem,getMaxCommitCapacity,()
javacard.framework,JCSystem,isAppletActive,(javacard.framework.AID)
javacard.framework,JCSystem,makeBooleanArrayView,(boolean[];short;short;short;javacard.framework.Shareable)
javacard.framework,JCSystem,makeByteArrayView,(byte[];short;short;short;javacard.framework.Shareable)
javacard.framework,JCSystem,makeTransientIntArray,(short;byte)
javacard.framework,JCSystem,makeTransientShortArray,(short;byte)
javacard.framework,JCSystem,getVersion,()
javacard.framework,SensitiveArrays,getUnusedCommitCapacity,()
javacard.framework,SensitiveArrays,isIntegritySensitiveArraysSupported,()
javacard.framework,SensitiveArrays,isIntegritySensitive,(java.lang.Object)
javacard.framework,SensitiveArrays,assertIntegrity,(java.lang.Object)
javacard.framework,SensitiveArrays,clearArray,(java.lang.Object)
javacard.framework,SensitiveArrays,makeIntegritySensitiveArray,(byte;byte;short)
javacard.framework,PINException,throwIt,(short)
javacard.framework,PINException,setReason,(short)
javacard.framework,PINException,getReason,()
javacard.framework,APDUException,throwIt,(short)
javacard.framework,APDUException,setReason,(short)
javacard.framework,APDUException,getReason,()
javacard.framework,AID,getPartialBytes,(short;byte[];short;byte)
javacard.framework,AID,getBytes,(byte[];short)
javacard.framework,AID,partialEquals,(byte[];short;byte)
javacard.framework,AID,RIDEquals,(javacard.framework.AID)
javacard.framework,Applet,selectingApplet,()
javacard.framework,Applet,deselect,()
javacard.framework,Applet,reSelectingApplet,()
javacard.framework,Applet,getAppletShareableInterfaceObject,(javacard.framework.AID;byte)
javacard.framework,Applet,register,()
javacard.framework,Applet,register,(byte[];short;byte)
javacard.framework,Applet,install,(byte[];short;byte)
javacard.framework,Applet,getShareableInterfaceObject,(javacard.framework.AID;byte)
javacard.framework,Applet,select,()
javacard.framework,Applet,process,(javacard.framework.APDU)
javacard.framework,APDU,getCLAChannel,()
javacard.framework,APDU,getNAD,()
javacard.framework,APDU,sendBytes,(short;short)
javacard.framework,APDU,getIncomingLength,()
javacard.framework,APDU,setOutgoingNoChaining,()
javacard.framework,APDU,setOutgoing,()
javacard.framework,APDU,getOffsetCdata,()
javacard.framework,APDU,waitExtension,()
javacard.framework,APDU,getOutBlockSize,()
javacard.framework,APDU,receiveBytes,(short)
javacard.framework,APDU,setOutgoingAndSend,(short;short)
javacard.framework,APDU,sendBytesLong,(byte[];short;short)
javacard.framework,APDU,isCommandChainingCLA,()
javacard.framework,APDU,getBuffer,()
javacard.framework,APDU,setIncomingAndReceive,()
javacard.framework,APDU,getLogicalChannelEncoding,()
javacard.framework,APDU,isISOInterindustryCLA,()
javacard.framework,APDU,getCurrentAPDU,()
javacard.framework,APDU,isValidCLA,()
javacard.framework,APDU,getInBlockSize,()
javacard.framework,APDU,getCurrentState,()
javacard.framework,APDU,isSecureMessagingCLA,()
javacard.framework,APDU,setOutgoingLength,(short)
javacard.framework,APDU,getProtocol,()
javacard.framework,APDU,getCurrentAPDUBuffer,()
javacard.framework,UserException,throwIt,(short)
javacard.framework,UserException,setReason,(short)
javacard.framework,UserException,getReason,()
javacard.framework,OwnerPIN,resetAndUnblock,()
javacard.framework,OwnerPIN,getValidatedFlag,()
javacard.framework,OwnerPIN,isValidated,()
javacard.framework,OwnerPIN,beginTransaction,()
javacard.framework,OwnerPIN,setValidatedFlag,(boolean)
javacard.framework,OwnerPIN,check,(byte[];short;byte)
javacard.framework,OwnerPIN,reset,()
javacard.framework,OwnerPIN,getTriesRemaining,()
javacard.framework,OwnerPIN,update,(byte[];short;byte)
javacard.framework,ISO7816
javacard.framework,CardRuntimeException,throwIt,(short)
javacard.framework,CardRuntimeException,setReason,(short)
javacard.framework,CardRuntimeException,getReason,()
javacard.framework,TransactionException,throwIt,(short)
javacard.framework,TransactionException,setReason,(short)
javacard.framework,TransactionException,getReason,()
javacard.framework,OwnerPINBuilder,buildOwnerPIN,(byte;byte;byte)
javacard.framework,OwnerPINBuilder,setTryLimit,(byte)
javacard.framework,OwnerPINBuilder,decrementTriesRemaining,()
javacard.framework,OwnerPINx,isValidated,()
javacard.framework,OwnerPINx,beginTransaction,()
javacard.framework,OwnerPINx,getTryLimit,()
javacard.framework,OwnerPINx,check,(byte[];short;byte)
javacard.framework,OwnerPINx,reset,()
javacard.framework,OwnerPINx,getTriesRemaining,()
javacard.framework,OwnerPINx,setTryLimit,(byte)
javacard.framework,OwnerPINx,update,(byte[];short;byte)
javacard.framework,OwnerPINx,setTriesRemaining,(byte)
javacard.framework,Shareable
javacard.framework,Resources,getView,(short)
javacard.framework,Resources,getView,(short;short;short)
javacard.framework,Resources,getResources,()
javacard.framework,Resources,getSize,(short)
javacard.framework,OwnerPINxWithPredecrement,isValidated,()
javacard.framework,OwnerPINxWithPredecrement,getTryLimit,()
javacard.framework,OwnerPINxWithPredecrement,check,(byte[];short;byte)
javacard.framework,OwnerPINxWithPredecrement,reset,()
javacard.framework,OwnerPINxWithPredecrement,decrementTriesRemaining,()
javacard.framework,OwnerPINxWithPredecrement,getTriesRemaining,()
javacard.framework,OwnerPINxWithPredecrement,setTryLimit,(byte)
javacard.framework,OwnerPINxWithPredecrement,update,(byte[];short;byte)
javacard.framework,OwnerPINxWithPredecrement,setTriesRemaining,(byte)
javacard.framework,CardException,throwIt,(short)
javacard.framework,CardException,setReason,(short)
javacard.framework,CardException,getReason,()
javacard.framework,PIN,isValidated,()
javacard.framework,PIN,check,(byte[];short;byte)
javacard.framework,PIN,getTriesRemaining,()
javacard.framework,PIN,reset,()
javacard.framework,AppletEvent,uninstall,()
javacardx.framework.string,StringUtil,compare,(boolean;byte[];short;short;byte[];short;short)
javacardx.framework.string,StringUtil,arrayCompare,(byte[];short;byte[];short;short)
javacardx.framework.string,StringUtil,valueOf,(short;byte[];short)
javacardx.framework.string,StringUtil,valueOf,(short[];byte[];short)
javacardx.framework.string,StringUtil,valueOf,(boolean;byte[];short)
javacardx.framework.string,StringUtil,endsWith,(byte[];short;short;byte[];short;short;short)
javacardx.framework.string,StringUtil,offsetByCodePoints,(byte[];short;short;short;short)
javacardx.framework.string,StringUtil,parseBoolean,(byte[];short;short)
javacardx.framework.string,StringUtil,codePointBefore,(byte[];short;short;short;byte[];short)
javacardx.framework.string,StringUtil,startsWith,(byte[];short;short;byte[];short;short;short)
javacardx.framework.string,StringUtil,convertFrom,(byte[];short;short;byte[];short;byte)
javacardx.framework.string,StringUtil,codePointCount,(byte[];short;short)
javacardx.framework.string,StringUtil,toUpperCase,(byte[];short;short;byte[];short)
javacardx.framework.string,StringUtil,convertTo,(byte[];short;short;byte[];short;byte)
javacardx.framework.string,StringUtil,toLowerCase,(byte[];short;short;byte[];short)
javacardx.framework.string,StringUtil,codePointAt,(byte[];short;short;short;byte[];short)
javacardx.framework.string,StringUtil,check,(byte[];short;short)
javacardx.framework.string,StringUtil,parseShortInteger,(byte[];short;short)
javacardx.framework.string,StringUtil,replace,(byte[];short;short;byte[];short;short;byte[];short;short;byte[];short)
javacardx.framework.string,StringUtil,parseLongInteger,(byte[];short;short;short[];short)
javacardx.framework.string,StringUtil,substring,(byte[];short;short;short;short;byte[];short)
javacardx.framework.string,StringUtil,trim,(byte[];short;short;byte[];short)
javacardx.framework.string,StringUtil,indexOf,(byte[];short;short;byte[];short;short)
javacardx.framework.string,StringException,throwIt,(short)
javacardx.framework.string,StringException,setReason,(short)
javacardx.framework.string,StringException,getReason,()
javacardx.apdu.util,APDUUtil,isISOInterindustryCLA,()
javacardx.apdu.util,APDUUtil,isISOInterindustryCLA,(byte)
javacardx.apdu.util,APDUUtil,getCLAChannel,()
javacardx.apdu.util,APDUUtil,getCLAChannel,(byte)
javacardx.apdu.util,APDUUtil,isValidCLA,()
javacardx.apdu.util,APDUUtil,isValidCLA,(byte)
javacardx.apdu.util,APDUUtil,isSecureMessagingCLA,()
javacardx.apdu.util,APDUUtil,isSecureMessagingCLA,(byte)
javacardx.apdu.util,APDUUtil,isCommandChainingCLA,()
javacardx.apdu.util,APDUUtil,isCommandChainingCLA,(byte)
